wal_years,annual_yield,macaulay_duration_years,modified_duration_years,cumulative_loss_rate
6.18025445534975,0.04618617925226465,4.952764167298244,4.933774816625663,0.03060898273661504
